Dataset Size,Training Time (seconds),Inference Time (milliseconds),Memory Usage (MB)
Small (10k),30.229014019999934,138.5432999999921,873.1703125
Medium (50k),187.04618538000017,556.3952199999676,3746.865625
Large (100k),320.7708736599999,905.3756000001158,7120.7875
